location_name,series_label,start_year,end_year,latitude,longitude
Afognak River (Litnik),chinook,1994,2025,58.0772222,-152.8008333
Afognak River (Litnik),chum,2006,2025,58.0772222,-152.8008333
Afognak River (Litnik),coho,2001,2025,58.0772222,-152.8008333
Afognak River (Litnik),pink,2006,2025,58.0772222,-152.8008333
Afognak River (Litnik),sockeye,1994,2025,58.0772222,-152.8008333
Afognak River (Litnik),steelhead,2006,2025,58.0772222,-152.8008333
Alagnak River,sockeye,2004,2011,59.0047,-156.8603
Anchor River,chinook,2003,2025,59.7725,-151.8369
Anchor River,coho,2004,2025,59.7725,-151.8369
Anchor River,steelhead,2020,2025,59.7725,-151.8369
Anchor River,dolly varden,2021,2025,59.7725,-151.8369
Auke Creek,chum,2002,2009,58.381205,-134.641306
Auke Creek,pink,2002,2009,58.381205,-134.641306
Ayakulik River,chinook,1993,2025,57.1988889,-154.5361111
Ayakulik River,chum,2006,2025,57.1988889,-154.5361111
Ayakulik River,coho,1994,2025,57.1988889,-154.5361111
Ayakulik River,pink,2006,2025,57.1988889,-154.5361111
Ayakulik River,sockeye,2002,2025,57.1988889,-154.5361111
Ayakulik River,steelhead,2006,2025,57.1988889,-154.5361111
Bear River,chinook,2006,2025,56.13,-160.45
Bear River,chum,2007,2025,56.13,-160.45
Bear River,coho,2007,2025,56.13,-160.45
Bear River,pink,2006,2025,56.13,-160.45
Bear River,sockeye,2006,2025,56.13,-160.45
Buskin River,chinook,2008,2021,57.7536,-152.4783
Buskin River,chum,2006,2025,57.7536,-152.4783
Buskin River,coho,1994,2025,57.7536,-152.4783
Buskin River,pink,2006,2025,57.7536,-152.4783
Buskin River,sockeye,1992,2025,57.7536,-152.4783
Buskin River,steelhead,2006,2025,57.7536,-152.4783
Chena River,chinook,2002,2025,64.7956,-147.9119
Chena River,chum,2005,2025,64.7956,-147.9119
Chignik River,chinook,2006,2025,56.28,-158.64
Chignik River,chum,2006,2025,56.28,-158.64
Chignik River,coho,2006,2025,56.28,-158.64
Chignik River,pink,2006,2025,56.28,-158.64
Chignik River,sockeye,2006,2025,56.28,-158.64
Coghill River,chum,2012,2025,61.0719444,-147.9108333
Coghill River,pink,2011,2025,61.0719444,-147.9108333
Coghill River,sockeye,1974,2025,61.0719444,-147.9108333
Copper River (Miles L),sockeye,1978,2025,60.681,-144.667
Cottonwood Creek,chinook,1997,2002,61.575,-149.4078
Cottonwood Creek,coho,1997,2004,61.575,-149.4078
Crescent River,sockeye,1979,2012,60.2247,-152.5553
Crooked Creek,chinook,2005,2025,61.8677,-158.1316
Deep Creek,chinook,2018,2020,60.0297,-151.683
Deshka,chinook,1995,2025,61.6927778,-150.3063889
Deshka,chum,1996,2025,61.6927778,-150.3063889
Deshka,coho,1996,2025,61.6927778,-150.3063889
Deshka,pink,1996,2025,61.6927778,-150.3063889
Deshka,sockeye,1996,2025,61.6927778,-150.3063889
Dog Salmon River,chinook,2006,2025,57.09,-156.44
Dog Salmon River,chum,2006,2025,57.09,-156.44
Dog Salmon River,coho,2006,2025,57.09,-156.44
Dog Salmon River,pink,2006,2025,57.09,-156.44
Dog Salmon River,sockeye,2006,2025,57.09,-156.44
Dog Salmon River,steelhead,2006,2025,57.09,-156.44
Egegik River,sockeye,1957,2011,58.2053,-157.4186
Eshamy Creek,chinook,1957,2025,60.4542,-148.0958
Eshamy Creek,chum,2024,2025,60.4542,-148.0958
Eshamy Creek,coho,2000,2025,60.4542,-148.0958
Eshamy Creek,pink,2024,2025,60.4542,-148.0958
Eshamy Creek,sockeye,1957,2025,60.4542,-148.0958
Fish Creek,chum,1996,2025,55.57,-130.3
Fish Creek,coho,1996,2025,55.57,-130.3
Fish Creek,pink,1996,2025,55.57,-130.3
Fish Creek,sockeye,1996,2025,55.57,-130.3
Gulkana River,chinook,2002,2025,62.2208,-145.3928
Gulkana River,sockeye,2003,2025,62.2208,-145.3928
Igushik River,sockeye,1958,2011,57.4956,-157.6019
Iliuliuk River(Town Creek),pink,2025,2025,53.87,-166.54
Iliuliuk River(Town Creek),sockeye,2025,2025,53.87,-166.54
Ilnik River,chinook,2006,2025,56.6,-159.61
Ilnik River,pink,2006,2025,56.6,-159.61
Ilnik River,sockeye,2006,2025,56.6,-159.61
Jim Creek,chum,2017,2023,61.5328,-149.0305
Jim Creek,coho,1993,2025,61.5328,-149.0305
Jim Creek,pink,2017,2023,61.5328,-149.0305
Jim Creek,sockeye,1993,2025,61.5328,-149.0305
Karluk River,chinook,1993,2025,57.5717,-154.4622
Karluk River,chum,2006,2025,57.5717,-154.4622
Karluk River,coho,1994,2025,57.5717,-154.4622
Karluk River,pink,2006,2025,57.5717,-154.4622
Karluk River,sockeye,2002,2025,57.5717,-154.4622
Karluk River,steelhead,2006,2025,57.5717,-154.4622
Karluk River,sockeye late run,2009,2009,57.5717,-154.4622
Kasilof River (sockeye),sockeye,1983,2025,60.3886,-151.3031
Kenai River (late-run sockeye),sockeye late run,1979,2025,60.5439,-151.2786
Klang,sockeye,2023,2025,61.4137,-145.6993
Kvichak River,sockeye,1955,2011,58.8806,-157.0372
Lake Creek,chinook,2022,2025,61.9058,-150.9094
Little Susitna,chinook,1988,2025,61.3638,-149.9787
Little Susitna,chum,1996,2025,61.3638,-149.9787
Little Susitna,coho,1996,2025,61.3638,-149.9787
Little Susitna,pink,2013,2025,61.3638,-149.9787
Little Susitna,sockeye,2013,2025,61.3638,-149.9787
McLees Lake,chum,2017,2017,53.9902,-166.728
McLees Lake,sockeye,2001,2023,53.9902,-166.728
Naknek River,sockeye,1958,2011,58.7186,-157.0656
Nelson River (Sapsuk),chinook,2006,2025,55.683333,-161.016667
Nelson River (Sapsuk),chum,2006,2025,55.683333,-161.016667
Nelson River (Sapsuk),pink,2006,2025,55.683333,-161.016667
Nelson River (Sapsuk),sockeye,2006,2025,55.683333,-161.016667
Ninilchik River,chinook,2019,2025,60.0484,-151.664917
Ninilchik River,chinook late run,2024,2024,60.0484,-151.664917
Nushagak River,chinook,2011,2025,58.7994,-158.6325
Nushagak River,chum,2011,2025,58.7994,-158.6325
Nushagak River,coho,2012,2024,58.7994,-158.6325
Nushagak River,pink,2012,2024,58.7994,-158.6325
Nushagak River,sockeye,1980,2025,58.7994,-158.6325
Nuyakuk River,sockeye,2003,2006,59.9348,-158.1901
Olga Creek (Upper Station),chinook,2006,2025,57.0572222,-154.3581
Olga Creek (Upper Station),chum,2007,2025,57.0572222,-154.3581
Olga Creek (Upper Station),coho,2006,2025,57.0572222,-154.3581
Olga Creek (Upper Station),pink,2006,2025,57.0572222,-154.3581
Olga Creek (Upper Station),sockeye,2006,2025,57.0572222,-154.3581
Olga Creek (Upper Station),steelhead,2006,2025,57.0572222,-154.3581
Olga Creek (Upper Station),sockeye late run,2018,2025,57.0572222,-154.3581
Olga Creek (Upper Station),sockeye early run,2008,2025,57.0572222,-154.3581
Orzinski Lake,chum,2007,2025,55.7333,-160.0833
Orzinski Lake,coho,2007,2024,55.7333,-160.0833
Orzinski Lake,pink,2007,2025,55.7333,-160.0833
Orzinski Lake,sockeye,2006,2025,55.7333,-160.0833
Pasagshak,chinook,2016,2024,57.425,-152.1417
Pasagshak,chum,2011,2025,57.425,-152.1417
Pasagshak,coho,2015,2025,57.425,-152.1417
Pasagshak,pink,2011,2025,57.425,-152.1417
Pasagshak,sockeye,2011,2025,57.425,-152.1417
Pasagshak,steelhead,2024,2024,57.425,-152.1417
Pauls Bay River,chum,2014,2016,58.2619,-152.4831
Pauls Bay River,coho,2001,2016,58.2619,-152.4831
Pauls Bay River,pink,2014,2016,58.2619,-152.4831
Pauls Bay River,sockeye,2002,2016,58.2619,-152.4831
Redoubt Lake,sockeye,1953,2025,56.8911,-135.2478
Russian River,chinook,2002,2025,60.4867,-150.0006
Russian River,chum,1999,2025,60.4867,-150.0006
Russian River,coho,1978,2025,60.4867,-150.0006
Russian River,sockeye late run,1960,2025,60.4867,-150.0006
Russian River,sockeye early run,1960,2025,60.4867,-150.0006
Russian River,chinook late run,1999,2025,60.4867,-150.0006
Salcha River,chinook,2002,2025,64.471528,-146.928056
Salcha River,chum,2005,2025,64.471528,-146.928056
Salcha River,chum summer,2011,2023,64.471528,-146.928056
Saltery Creek,chinook,2009,2023,57.5067,-152.7425
Saltery Creek,chum,2008,2025,57.5067,-152.7425
Saltery Creek,coho,2002,2025,57.5067,-152.7425
Saltery Creek,pink,2008,2025,57.5067,-152.7425
Saltery Creek,sockeye,1993,2025,57.5067,-152.7425
Sandy River,chinook,2006,2024,56.1167,-159.9167
Sandy River,chum,2006,2024,56.1167,-159.9167
Sandy River,pink,2006,2024,56.1167,-159.9167
Sandy River,sockeye,2006,2024,56.1167,-159.9167
Situk River,chinook,1999,2025,59.4455,-139.554
Situk River,chum,1999,2025,59.4455,-139.554
Situk River,coho,2017,2025,59.4455,-139.554
Situk River,pink,2017,2025,59.4455,-139.554
Situk River,sockeye,1999,2025,59.4455,-139.554
Situk River,steelhead,1999,2025,59.4455,-139.554
Togiak River,sockeye,1960,2011,59.5353,-159.6864
Ugashik River,sockeye,1957,2011,57.5141,-157.4048
Wasilla Creek,chinook,1998,2003,61.62053,-149.18803
Wasilla Creek,chum,1997,2003,61.62053,-149.18803
Wasilla Creek,coho,1997,2003,61.62053,-149.18803
Wasilla Creek,pink,1998,2003,61.62053,-149.18803
Wasilla Creek,sockeye,1997,2003,61.62053,-149.18803
Wood River,sockeye,1956,2011,59.184,-158.575
Yentna River,sockeye,1981,2008,,
