metadata_location_name,metadata_series_label,metadata_start_year,metadata_end_year,latitude,longitude,resolved_location_name,resolved_location_id,resolved_species_name,resolved_species_id,year,count_date,fish_count,species,species_id,count_location,count_location_id,downloaded_at_utc
Deep Creek,chinook,2018,2020,60.0297,-151.683,Deep Creek,11,Chinook,410,2018,2018-05-14,0,Chinook,410,Deep Creek,11,2026-08-11T21:01:01.271517+00:00
Deep Creek,chinook,2018,2020,60.0297,-151.683,Deep Creek,11,Chinook,410,2018,2018-05-15,12,Chinook,410,Deep Creek,11,2026-08-11T21:01:01.271517+00:00
Deep Creek,chinook,2018,2020,60.0297,-151.683,Deep Creek,11,Chinook,410,2018,2018-05-16,15,Chinook,410,Deep Creek,11,2026-08-11T21:01:01.271517+00:00
Deep Creek,chinook,2018,2020,60.0297,-151.683,Deep Creek,11,Chinook,410,2018,2018-05-17,45,Chinook,410,Deep Creek,11,2026-08-11T21:01:01.271517+00:00
Deep Creek,chinook,2018,2020,60.0297,-151.683,Deep Creek,11,Chinook,410,2018,2018-05-18,-6,Chinook,410,Deep Creek,11,2026-08-11T21:01:01.271517+00:00
Deep Creek,chinook,2018,2020,60.0297,-151.683,Deep Creek,11,Chinook,410,2018,2018-05-19,15,Chinook,410,Deep Creek,11,2026-08-11T21:01:01.271517+00:00
Deep Creek,chinook,2018,2020,60.0297,-151.683,Deep Creek,11,Chinook,410,2018,2018-05-20,6,Chinook,410,Deep Creek,11,2026-08-11T21:01:01.271517+00:00
Deep Creek,chinook,2018,2020,60.0297,-151.683,Deep Creek,11,Chinook,410,2018,2018-05-21,0,Chinook,410,Deep Creek,11,2026-08-11T21:01:01.271517+00:00
Deep Creek,chinook,2018,2020,60.0297,-151.683,Deep Creek,11,Chinook,410,2018,2018-05-23,9,Chinook,410,Deep Creek,11,2026-08-11T21:01:01.271517+00:00
Deep Creek,chinook,2018,2020,60.0297,-151.683,Deep Creek,11,Chinook,410,2018,2018-05-24,3,Chinook,410,Deep Creek,11,2026-08-11T21:01:01.271517+00:00
Deep Creek,chinook,2018,2020,60.0297,-151.683,Deep Creek,11,Chinook,410,2018,2018-05-25,9,Chinook,410,Deep Creek,11,2026-08-11T21:01:01.271517+00:00
Deep Creek,chinook,2018,2020,60.0297,-151.683,Deep Creek,11,Chinook,410,2018,2018-05-26,30,Chinook,410,Deep Creek,11,2026-08-11T21:01:01.271517+00:00
Deep Creek,chinook,2018,2020,60.0297,-151.683,Deep Creek,11,Chinook,410,2018,2018-05-27,27,Chinook,410,Deep Creek,11,2026-08-11T21:01:01.271517+00:00
Deep Creek,chinook,2018,2020,60.0297,-151.683,Deep Creek,11,Chinook,410,2018,2018-05-28,-6,Chinook,410,Deep Creek,11,2026-08-11T21:01:01.271517+00:00
Deep Creek,chinook,2018,2020,60.0297,-151.683,Deep Creek,11,Chinook,410,2018,2018-05-29,33,Chinook,410,Deep Creek,11,2026-08-11T21:01:01.271517+00:00
Deep Creek,chinook,2018,2020,60.0297,-151.683,Deep Creek,11,Chinook,410,2018,2018-05-30,48,Chinook,410,Deep Creek,11,2026-08-11T21:01:01.271517+00:00
Deep Creek,chinook,2018,2020,60.0297,-151.683,Deep Creek,11,Chinook,410,2018,2018-05-31,3,Chinook,410,Deep Creek,11,2026-08-11T21:01:01.271517+00:00
Deep Creek,chinook,2018,2020,60.0297,-151.683,Deep Creek,11,Chinook,410,2018,2018-06-01,57,Chinook,410,Deep Creek,11,2026-08-11T21:01:01.271517+00:00
Deep Creek,chinook,2018,2020,60.0297,-151.683,Deep Creek,11,Chinook,410,2018,2018-06-02,36,Chinook,410,Deep Creek,11,2026-08-11T21:01:01.271517+00:00
Deep Creek,chinook,2018,2020,60.0297,-151.683,Deep Creek,11,Chinook,410,2018,2018-06-03,12,Chinook,410,Deep Creek,11,2026-08-11T21:01:01.271517+00:00
Deep Creek,chinook,2018,2020,60.0297,-151.683,Deep Creek,11,Chinook,410,2018,2018-06-04,-6,Chinook,410,Deep Creek,11,2026-08-11T21:01:01.271517+00:00
Deep Creek,chinook,2018,2020,60.0297,-151.683,Deep Creek,11,Chinook,410,2018,2018-06-05,27,Chinook,410,Deep Creek,11,2026-08-11T21:01:01.271517+00:00
Deep Creek,chinook,2018,2020,60.0297,-151.683,Deep Creek,11,Chinook,410,2018,2018-06-06,6,Chinook,410,Deep Creek,11,2026-08-11T21:01:01.271517+00:00
Deep Creek,chinook,2018,2020,60.0297,-151.683,Deep Creek,11,Chinook,410,2018,2018-06-07,45,Chinook,410,Deep Creek,11,2026-08-11T21:01:01.271517+00:00
Deep Creek,chinook,2018,2020,60.0297,-151.683,Deep Creek,11,Chinook,410,2018,2018-06-08,6,Chinook,410,Deep Creek,11,2026-08-11T21:01:01.271517+00:00
Deep Creek,chinook,2018,2020,60.0297,-151.683,Deep Creek,11,Chinook,410,2018,2018-06-09,11,Chinook,410,Deep Creek,11,2026-08-11T21:01:01.271517+00:00
Deep Creek,chinook,2018,2020,60.0297,-151.683,Deep Creek,11,Chinook,410,2018,2018-06-10,27,Chinook,410,Deep Creek,11,2026-08-11T21:01:01.271517+00:00
Deep Creek,chinook,2018,2020,60.0297,-151.683,Deep Creek,11,Chinook,410,2018,2018-06-11,30,Chinook,410,Deep Creek,11,2026-08-11T21:01:01.271517+00:00
Deep Creek,chinook,2018,2020,60.0297,-151.683,Deep Creek,11,Chinook,410,2018,2018-06-12,23,Chinook,410,Deep Creek,11,2026-08-11T21:01:01.271517+00:00
Deep Creek,chinook,2018,2020,60.0297,-151.683,Deep Creek,11,Chinook,410,2018,2018-06-13,8,Chinook,410,Deep Creek,11,2026-08-11T21:01:01.271517+00:00
Deep Creek,chinook,2018,2020,60.0297,-151.683,Deep Creek,11,Chinook,410,2018,2018-06-14,7,Chinook,410,Deep Creek,11,2026-08-11T21:01:01.271517+00:00
Deep Creek,chinook,2018,2020,60.0297,-151.683,Deep Creek,11,Chinook,410,2018,2018-06-15,8,Chinook,410,Deep Creek,11,2026-08-11T21:01:01.271517+00:00
Deep Creek,chinook,2018,2020,60.0297,-151.683,Deep Creek,11,Chinook,410,2018,2018-06-16,9,Chinook,410,Deep Creek,11,2026-08-11T21:01:01.271517+00:00
Deep Creek,chinook,2018,2020,60.0297,-151.683,Deep Creek,11,Chinook,410,2018,2018-06-17,7,Chinook,410,Deep Creek,11,2026-08-11T21:01:01.271517+00:00
Deep Creek,chinook,2018,2020,60.0297,-151.683,Deep Creek,11,Chinook,410,2018,2018-06-18,5,Chinook,410,Deep Creek,11,2026-08-11T21:01:01.271517+00:00
Deep Creek,chinook,2018,2020,60.0297,-151.683,Deep Creek,11,Chinook,410,2018,2018-06-19,15,Chinook,410,Deep Creek,11,2026-08-11T21:01:01.271517+00:00
Deep Creek,chinook,2018,2020,60.0297,-151.683,Deep Creek,11,Chinook,410,2018,2018-06-20,10,Chinook,410,Deep Creek,11,2026-08-11T21:01:01.271517+00:00
Deep Creek,chinook,2018,2020,60.0297,-151.683,Deep Creek,11,Chinook,410,2018,2018-06-21,12,Chinook,410,Deep Creek,11,2026-08-11T21:01:01.271517+00:00
Deep Creek,chinook,2018,2020,60.0297,-151.683,Deep Creek,11,Chinook,410,2018,2018-06-22,10,Chinook,410,Deep Creek,11,2026-08-11T21:01:01.271517+00:00
Deep Creek,chinook,2018,2020,60.0297,-151.683,Deep Creek,11,Chinook,410,2018,2018-06-23,50,Chinook,410,Deep Creek,11,2026-08-11T21:01:01.271517+00:00
Deep Creek,chinook,2018,2020,60.0297,-151.683,Deep Creek,11,Chinook,410,2018,2018-06-24,13,Chinook,410,Deep Creek,11,2026-08-11T21:01:01.271517+00:00
Deep Creek,chinook,2018,2020,60.0297,-151.683,Deep Creek,11,Chinook,410,2018,2018-06-25,14,Chinook,410,Deep Creek,11,2026-08-11T21:01:01.271517+00:00
Deep Creek,chinook,2018,2020,60.0297,-151.683,Deep Creek,11,Chinook,410,2018,2018-06-26,2,Chinook,410,Deep Creek,11,2026-08-11T21:01:01.271517+00:00
Deep Creek,chinook,2018,2020,60.0297,-151.683,Deep Creek,11,Chinook,410,2018,2018-06-27,4,Chinook,410,Deep Creek,11,2026-08-11T21:01:01.271517+00:00
Deep Creek,chinook,2018,2020,60.0297,-151.683,Deep Creek,11,Chinook,410,2018,2018-06-28,21,Chinook,410,Deep Creek,11,2026-08-11T21:01:01.271517+00:00
Deep Creek,chinook,2018,2020,60.0297,-151.683,Deep Creek,11,Chinook,410,2018,2018-06-29,15,Chinook,410,Deep Creek,11,2026-08-11T21:01:01.271517+00:00
Deep Creek,chinook,2018,2020,60.0297,-151.683,Deep Creek,11,Chinook,410,2018,2018-06-30,18,Chinook,410,Deep Creek,11,2026-08-11T21:01:01.271517+00:00
Deep Creek,chinook,2018,2020,60.0297,-151.683,Deep Creek,11,Chinook,410,2018,2018-07-01,82,Chinook,410,Deep Creek,11,2026-08-11T21:01:01.271517+00:00
Deep Creek,chinook,2018,2020,60.0297,-151.683,Deep Creek,11,Chinook,410,2018,2018-07-02,45,Chinook,410,Deep Creek,11,2026-08-11T21:01:01.271517+00:00
Deep Creek,chinook,2018,2020,60.0297,-151.683,Deep Creek,11,Chinook,410,2018,2018-07-03,37,Chinook,410,Deep Creek,11,2026-08-11T21:01:01.271517+00:00
Deep Creek,chinook,2018,2020,60.0297,-151.683,Deep Creek,11,Chinook,410,2018,2018-07-04,60,Chinook,410,Deep Creek,11,2026-08-11T21:01:01.271517+00:00
Deep Creek,chinook,2018,2020,60.0297,-151.683,Deep Creek,11,Chinook,410,2018,2018-07-05,238,Chinook,410,Deep Creek,11,2026-08-11T21:01:01.271517+00:00
Deep Creek,chinook,2018,2020,60.0297,-151.683,Deep Creek,11,Chinook,410,2018,2018-07-06,136,Chinook,410,Deep Creek,11,2026-08-11T21:01:01.271517+00:00
Deep Creek,chinook,2018,2020,60.0297,-151.683,Deep Creek,11,Chinook,410,2018,2018-07-07,136,Chinook,410,Deep Creek,11,2026-08-11T21:01:01.271517+00:00
Deep Creek,chinook,2018,2020,60.0297,-151.683,Deep Creek,11,Chinook,410,2018,2018-07-08,38,Chinook,410,Deep Creek,11,2026-08-11T21:01:01.271517+00:00
Deep Creek,chinook,2018,2020,60.0297,-151.683,Deep Creek,11,Chinook,410,2018,2018-07-09,11,Chinook,410,Deep Creek,11,2026-08-11T21:01:01.271517+00:00
Deep Creek,chinook,2018,2020,60.0297,-151.683,Deep Creek,11,Chinook,410,2018,2018-07-10,12,Chinook,410,Deep Creek,11,2026-08-11T21:01:01.271517+00:00
Deep Creek,chinook,2018,2020,60.0297,-151.683,Deep Creek,11,Chinook,410,2018,2018-07-12,45,Chinook,410,Deep Creek,11,2026-08-11T21:01:01.271517+00:00
Deep Creek,chinook,2018,2020,60.0297,-151.683,Deep Creek,11,Chinook,410,2018,2018-07-13,15,Chinook,410,Deep Creek,11,2026-08-11T21:01:01.271517+00:00
Deep Creek,chinook,2018,2020,60.0297,-151.683,Deep Creek,11,Chinook,410,2018,2018-07-15,22,Chinook,410,Deep Creek,11,2026-08-11T21:01:01.271517+00:00
Deep Creek,chinook,2018,2020,60.0297,-151.683,Deep Creek,11,Chinook,410,2018,2018-07-16,82,Chinook,410,Deep Creek,11,2026-08-11T21:01:01.271517+00:00
Deep Creek,chinook,2018,2020,60.0297,-151.683,Deep Creek,11,Chinook,410,2018,2018-07-17,48,Chinook,410,Deep Creek,11,2026-08-11T21:01:01.271517+00:00
Deep Creek,chinook,2018,2020,60.0297,-151.683,Deep Creek,11,Chinook,410,2018,2018-07-18,65,Chinook,410,Deep Creek,11,2026-08-11T21:01:01.271517+00:00
Deep Creek,chinook,2018,2020,60.0297,-151.683,Deep Creek,11,Chinook,410,2018,2018-07-19,26,Chinook,410,Deep Creek,11,2026-08-11T21:01:01.271517+00:00
Deep Creek,chinook,2018,2020,60.0297,-151.683,Deep Creek,11,Chinook,410,2018,2018-07-20,34,Chinook,410,Deep Creek,11,2026-08-11T21:01:01.271517+00:00
Deep Creek,chinook,2018,2020,60.0297,-151.683,Deep Creek,11,Chinook,410,2018,2018-07-21,17,Chinook,410,Deep Creek,11,2026-08-11T21:01:01.271517+00:00
Deep Creek,chinook,2018,2020,60.0297,-151.683,Deep Creek,11,Chinook,410,2018,2018-07-23,11,Chinook,410,Deep Creek,11,2026-08-11T21:01:01.271517+00:00
Deep Creek,chinook,2018,2020,60.0297,-151.683,Deep Creek,11,Chinook,410,2018,2018-07-24,14,Chinook,410,Deep Creek,11,2026-08-11T21:01:01.271517+00:00
Deep Creek,chinook,2018,2020,60.0297,-151.683,Deep Creek,11,Chinook,410,2018,2018-07-25,31,Chinook,410,Deep Creek,11,2026-08-11T21:01:01.271517+00:00
Deep Creek,chinook,2018,2020,60.0297,-151.683,Deep Creek,11,Chinook,410,2018,2018-07-26,23,Chinook,410,Deep Creek,11,2026-08-11T21:01:01.271517+00:00
Deep Creek,chinook,2018,2020,60.0297,-151.683,Deep Creek,11,Chinook,410,2018,2018-07-27,19,Chinook,410,Deep Creek,11,2026-08-11T21:01:01.271517+00:00
Deep Creek,chinook,2018,2020,60.0297,-151.683,Deep Creek,11,Chinook,410,2018,2018-07-28,30,Chinook,410,Deep Creek,11,2026-08-11T21:01:01.271517+00:00
Deep Creek,chinook,2018,2020,60.0297,-151.683,Deep Creek,11,Chinook,410,2018,2018-07-29,27,Chinook,410,Deep Creek,11,2026-08-11T21:01:01.271517+00:00
Deep Creek,chinook,2018,2020,60.0297,-151.683,Deep Creek,11,Chinook,410,2018,2018-07-30,21,Chinook,410,Deep Creek,11,2026-08-11T21:01:01.271517+00:00
Deep Creek,chinook,2018,2020,60.0297,-151.683,Deep Creek,11,Chinook,410,2018,2018-07-31,32,Chinook,410,Deep Creek,11,2026-08-11T21:01:01.271517+00:00
Deep Creek,chinook,2018,2020,60.0297,-151.683,Deep Creek,11,Chinook,410,2018,2018-08-01,15,Chinook,410,Deep Creek,11,2026-08-11T21:01:01.271517+00:00
Deep Creek,chinook,2018,2020,60.0297,-151.683,Deep Creek,11,Chinook,410,2018,2018-08-02,18,Chinook,410,Deep Creek,11,2026-08-11T21:01:01.271517+00:00
Deep Creek,chinook,2018,2020,60.0297,-151.683,Deep Creek,11,Chinook,410,2018,2018-08-03,3,Chinook,410,Deep Creek,11,2026-08-11T21:01:01.271517+00:00
Deep Creek,chinook,2018,2020,60.0297,-151.683,Deep Creek,11,Chinook,410,2018,2018-08-04,17,Chinook,410,Deep Creek,11,2026-08-11T21:01:01.271517+00:00
Deep Creek,chinook,2018,2020,60.0297,-151.683,Deep Creek,11,Chinook,410,2018,2018-08-05,10,Chinook,410,Deep Creek,11,2026-08-11T21:01:01.271517+00:00
Deep Creek,chinook,2018,2020,60.0297,-151.683,Deep Creek,11,Chinook,410,2018,2018-08-06,5,Chinook,410,Deep Creek,11,2026-08-11T21:01:01.271517+00:00
Deep Creek,chinook,2018,2020,60.0297,-151.683,Deep Creek,11,Chinook,410,2018,2018-08-07,4,Chinook,410,Deep Creek,11,2026-08-11T21:01:01.271517+00:00
Deep Creek,chinook,2018,2020,60.0297,-151.683,Deep Creek,11,Chinook,410,2018,2018-08-08,12,Chinook,410,Deep Creek,11,2026-08-11T21:01:01.271517+00:00
Deep Creek,chinook,2018,2020,60.0297,-151.683,Deep Creek,11,Chinook,410,2018,2018-08-09,4,Chinook,410,Deep Creek,11,2026-08-11T21:01:01.271517+00:00
Deep Creek,chinook,2018,2020,60.0297,-151.683,Deep Creek,11,Chinook,410,2019,2019-05-14,0,Chinook,410,Deep Creek,11,2026-08-11T21:01:01.271517+00:00
Deep Creek,chinook,2018,2020,60.0297,-151.683,Deep Creek,11,Chinook,410,2019,2019-05-15,0,Chinook,410,Deep Creek,11,2026-08-11T21:01:01.271517+00:00
Deep Creek,chinook,2018,2020,60.0297,-151.683,Deep Creek,11,Chinook,410,2019,2019-05-16,6,Chinook,410,Deep Creek,11,2026-08-11T21:01:01.271517+00:00
Deep Creek,chinook,2018,2020,60.0297,-151.683,Deep Creek,11,Chinook,410,2019,2019-05-17,3,Chinook,410,Deep Creek,11,2026-08-11T21:01:01.271517+00:00
Deep Creek,chinook,2018,2020,60.0297,-151.683,Deep Creek,11,Chinook,410,2019,2019-05-18,0,Chinook,410,Deep Creek,11,2026-08-11T21:01:01.271517+00:00
Deep Creek,chinook,2018,2020,60.0297,-151.683,Deep Creek,11,Chinook,410,2019,2019-05-19,0,Chinook,410,Deep Creek,11,2026-08-11T21:01:01.271517+00:00
Deep Creek,chinook,2018,2020,60.0297,-151.683,Deep Creek,11,Chinook,410,2019,2019-05-20,18,Chinook,410,Deep Creek,11,2026-08-11T21:01:01.271517+00:00
Deep Creek,chinook,2018,2020,60.0297,-151.683,Deep Creek,11,Chinook,410,2019,2019-05-21,18,Chinook,410,Deep Creek,11,2026-08-11T21:01:01.271517+00:00
Deep Creek,chinook,2018,2020,60.0297,-151.683,Deep Creek,11,Chinook,410,2019,2019-05-22,27,Chinook,410,Deep Creek,11,2026-08-11T21:01:01.271517+00:00
Deep Creek,chinook,2018,2020,60.0297,-151.683,Deep Creek,11,Chinook,410,2019,2019-05-23,12,Chinook,410,Deep Creek,11,2026-08-11T21:01:01.271517+00:00
Deep Creek,chinook,2018,2020,60.0297,-151.683,Deep Creek,11,Chinook,410,2019,2019-05-24,30,Chinook,410,Deep Creek,11,2026-08-11T21:01:01.271517+00:00
Deep Creek,chinook,2018,2020,60.0297,-151.683,Deep Creek,11,Chinook,410,2019,2019-05-25,36,Chinook,410,Deep Creek,11,2026-08-11T21:01:01.271517+00:00
Deep Creek,chinook,2018,2020,60.0297,-151.683,Deep Creek,11,Chinook,410,2019,2019-05-26,45,Chinook,410,Deep Creek,11,2026-08-11T21:01:01.271517+00:00
Deep Creek,chinook,2018,2020,60.0297,-151.683,Deep Creek,11,Chinook,410,2019,2019-05-27,33,Chinook,410,Deep Creek,11,2026-08-11T21:01:01.271517+00:00
Deep Creek,chinook,2018,2020,60.0297,-151.683,Deep Creek,11,Chinook,410,2019,2019-05-28,15,Chinook,410,Deep Creek,11,2026-08-11T21:01:01.271517+00:00
Deep Creek,chinook,2018,2020,60.0297,-151.683,Deep Creek,11,Chinook,410,2019,2019-05-29,6,Chinook,410,Deep Creek,11,2026-08-11T21:01:01.271517+00:00
Deep Creek,chinook,2018,2020,60.0297,-151.683,Deep Creek,11,Chinook,410,2019,2019-05-30,0,Chinook,410,Deep Creek,11,2026-08-11T21:01:01.271517+00:00
Deep Creek,chinook,2018,2020,60.0297,-151.683,Deep Creek,11,Chinook,410,2019,2019-05-31,15,Chinook,410,Deep Creek,11,2026-08-11T21:01:01.271517+00:00
Deep Creek,chinook,2018,2020,60.0297,-151.683,Deep Creek,11,Chinook,410,2019,2019-06-01,18,Chinook,410,Deep Creek,11,2026-08-11T21:01:01.271517+00:00
Deep Creek,chinook,2018,2020,60.0297,-151.683,Deep Creek,11,Chinook,410,2019,2019-06-02,75,Chinook,410,Deep Creek,11,2026-08-11T21:01:01.271517+00:00
Deep Creek,chinook,2018,2020,60.0297,-151.683,Deep Creek,11,Chinook,410,2019,2019-06-03,135,Chinook,410,Deep Creek,11,2026-08-11T21:01:01.271517+00:00
Deep Creek,chinook,2018,2020,60.0297,-151.683,Deep Creek,11,Chinook,410,2019,2019-06-04,84,Chinook,410,Deep Creek,11,2026-08-11T21:01:01.271517+00:00
Deep Creek,chinook,2018,2020,60.0297,-151.683,Deep Creek,11,Chinook,410,2019,2019-06-05,39,Chinook,410,Deep Creek,11,2026-08-11T21:01:01.271517+00:00
Deep Creek,chinook,2018,2020,60.0297,-151.683,Deep Creek,11,Chinook,410,2019,2019-06-06,6,Chinook,410,Deep Creek,11,2026-08-11T21:01:01.271517+00:00
Deep Creek,chinook,2018,2020,60.0297,-151.683,Deep Creek,11,Chinook,410,2019,2019-06-07,50,Chinook,410,Deep Creek,11,2026-08-11T21:01:01.271517+00:00
Deep Creek,chinook,2018,2020,60.0297,-151.683,Deep Creek,11,Chinook,410,2019,2019-06-08,1,Chinook,410,Deep Creek,11,2026-08-11T21:01:01.271517+00:00
Deep Creek,chinook,2018,2020,60.0297,-151.683,Deep Creek,11,Chinook,410,2019,2019-06-09,20,Chinook,410,Deep Creek,11,2026-08-11T21:01:01.271517+00:00
Deep Creek,chinook,2018,2020,60.0297,-151.683,Deep Creek,11,Chinook,410,2019,2019-06-10,79,Chinook,410,Deep Creek,11,2026-08-11T21:01:01.271517+00:00
Deep Creek,chinook,2018,2020,60.0297,-151.683,Deep Creek,11,Chinook,410,2019,2019-06-11,96,Chinook,410,Deep Creek,11,2026-08-11T21:01:01.271517+00:00
Deep Creek,chinook,2018,2020,60.0297,-151.683,Deep Creek,11,Chinook,410,2019,2019-06-12,48,Chinook,410,Deep Creek,11,2026-08-11T21:01:01.271517+00:00
Deep Creek,chinook,2018,2020,60.0297,-151.683,Deep Creek,11,Chinook,410,2019,2019-06-13,26,Chinook,410,Deep Creek,11,2026-08-11T21:01:01.271517+00:00
Deep Creek,chinook,2018,2020,60.0297,-151.683,Deep Creek,11,Chinook,410,2019,2019-06-14,23,Chinook,410,Deep Creek,11,2026-08-11T21:01:01.271517+00:00
Deep Creek,chinook,2018,2020,60.0297,-151.683,Deep Creek,11,Chinook,410,2019,2019-06-15,19,Chinook,410,Deep Creek,11,2026-08-11T21:01:01.271517+00:00
Deep Creek,chinook,2018,2020,60.0297,-151.683,Deep Creek,11,Chinook,410,2019,2019-06-16,15,Chinook,410,Deep Creek,11,2026-08-11T21:01:01.271517+00:00
Deep Creek,chinook,2018,2020,60.0297,-151.683,Deep Creek,11,Chinook,410,2019,2019-06-17,8,Chinook,410,Deep Creek,11,2026-08-11T21:01:01.271517+00:00
Deep Creek,chinook,2018,2020,60.0297,-151.683,Deep Creek,11,Chinook,410,2019,2019-06-18,30,Chinook,410,Deep Creek,11,2026-08-11T21:01:01.271517+00:00
Deep Creek,chinook,2018,2020,60.0297,-151.683,Deep Creek,11,Chinook,410,2019,2019-06-19,14,Chinook,410,Deep Creek,11,2026-08-11T21:01:01.271517+00:00
Deep Creek,chinook,2018,2020,60.0297,-151.683,Deep Creek,11,Chinook,410,2019,2019-06-20,82,Chinook,410,Deep Creek,11,2026-08-11T21:01:01.271517+00:00
Deep Creek,chinook,2018,2020,60.0297,-151.683,Deep Creek,11,Chinook,410,2019,2019-06-21,63,Chinook,410,Deep Creek,11,2026-08-11T21:01:01.271517+00:00
Deep Creek,chinook,2018,2020,60.0297,-151.683,Deep Creek,11,Chinook,410,2019,2019-06-22,12,Chinook,410,Deep Creek,11,2026-08-11T21:01:01.271517+00:00
Deep Creek,chinook,2018,2020,60.0297,-151.683,Deep Creek,11,Chinook,410,2019,2019-06-23,31,Chinook,410,Deep Creek,11,2026-08-11T21:01:01.271517+00:00
Deep Creek,chinook,2018,2020,60.0297,-151.683,Deep Creek,11,Chinook,410,2019,2019-06-24,187,Chinook,410,Deep Creek,11,2026-08-11T21:01:01.271517+00:00
Deep Creek,chinook,2018,2020,60.0297,-151.683,Deep Creek,11,Chinook,410,2019,2019-06-25,122,Chinook,410,Deep Creek,11,2026-08-11T21:01:01.271517+00:00
Deep Creek,chinook,2018,2020,60.0297,-151.683,Deep Creek,11,Chinook,410,2019,2019-06-26,207,Chinook,410,Deep Creek,11,2026-08-11T21:01:01.271517+00:00
Deep Creek,chinook,2018,2020,60.0297,-151.683,Deep Creek,11,Chinook,410,2019,2019-06-27,79,Chinook,410,Deep Creek,11,2026-08-11T21:01:01.271517+00:00
Deep Creek,chinook,2018,2020,60.0297,-151.683,Deep Creek,11,Chinook,410,2019,2019-06-28,126,Chinook,410,Deep Creek,11,2026-08-11T21:01:01.271517+00:00
Deep Creek,chinook,2018,2020,60.0297,-151.683,Deep Creek,11,Chinook,410,2019,2019-06-29,97,Chinook,410,Deep Creek,11,2026-08-11T21:01:01.271517+00:00
Deep Creek,chinook,2018,2020,60.0297,-151.683,Deep Creek,11,Chinook,410,2019,2019-06-30,181,Chinook,410,Deep Creek,11,2026-08-11T21:01:01.271517+00:00
Deep Creek,chinook,2018,2020,60.0297,-151.683,Deep Creek,11,Chinook,410,2019,2019-07-01,149,Chinook,410,Deep Creek,11,2026-08-11T21:01:01.271517+00:00
Deep Creek,chinook,2018,2020,60.0297,-151.683,Deep Creek,11,Chinook,410,2019,2019-07-02,139,Chinook,410,Deep Creek,11,2026-08-11T21:01:01.271517+00:00
Deep Creek,chinook,2018,2020,60.0297,-151.683,Deep Creek,11,Chinook,410,2019,2019-07-03,106,Chinook,410,Deep Creek,11,2026-08-11T21:01:01.271517+00:00
Deep Creek,chinook,2018,2020,60.0297,-151.683,Deep Creek,11,Chinook,410,2019,2019-07-04,139,Chinook,410,Deep Creek,11,2026-08-11T21:01:01.271517+00:00
Deep Creek,chinook,2018,2020,60.0297,-151.683,Deep Creek,11,Chinook,410,2019,2019-07-05,92,Chinook,410,Deep Creek,11,2026-08-11T21:01:01.271517+00:00
Deep Creek,chinook,2018,2020,60.0297,-151.683,Deep Creek,11,Chinook,410,2019,2019-07-06,103,Chinook,410,Deep Creek,11,2026-08-11T21:01:01.271517+00:00
Deep Creek,chinook,2018,2020,60.0297,-151.683,Deep Creek,11,Chinook,410,2019,2019-07-07,65,Chinook,410,Deep Creek,11,2026-08-11T21:01:01.271517+00:00
Deep Creek,chinook,2018,2020,60.0297,-151.683,Deep Creek,11,Chinook,410,2019,2019-07-08,47,Chinook,410,Deep Creek,11,2026-08-11T21:01:01.271517+00:00
Deep Creek,chinook,2018,2020,60.0297,-151.683,Deep Creek,11,Chinook,410,2019,2019-07-09,50,Chinook,410,Deep Creek,11,2026-08-11T21:01:01.271517+00:00
Deep Creek,chinook,2018,2020,60.0297,-151.683,Deep Creek,11,Chinook,410,2019,2019-07-10,35,Chinook,410,Deep Creek,11,2026-08-11T21:01:01.271517+00:00
Deep Creek,chinook,2018,2020,60.0297,-151.683,Deep Creek,11,Chinook,410,2019,2019-07-11,15,Chinook,410,Deep Creek,11,2026-08-11T21:01:01.271517+00:00
Deep Creek,chinook,2018,2020,60.0297,-151.683,Deep Creek,11,Chinook,410,2019,2019-07-12,15,Chinook,410,Deep Creek,11,2026-08-11T21:01:01.271517+00:00
Deep Creek,chinook,2018,2020,60.0297,-151.683,Deep Creek,11,Chinook,410,2019,2019-07-13,10,Chinook,410,Deep Creek,11,2026-08-11T21:01:01.271517+00:00
Deep Creek,chinook,2018,2020,60.0297,-151.683,Deep Creek,11,Chinook,410,2019,2019-07-14,8,Chinook,410,Deep Creek,11,2026-08-11T21:01:01.271517+00:00
Deep Creek,chinook,2018,2020,60.0297,-151.683,Deep Creek,11,Chinook,410,2019,2019-07-15,11,Chinook,410,Deep Creek,11,2026-08-11T21:01:01.271517+00:00
Deep Creek,chinook,2018,2020,60.0297,-151.683,Deep Creek,11,Chinook,410,2019,2019-07-16,19,Chinook,410,Deep Creek,11,2026-08-11T21:01:01.271517+00:00
Deep Creek,chinook,2018,2020,60.0297,-151.683,Deep Creek,11,Chinook,410,2019,2019-07-17,14,Chinook,410,Deep Creek,11,2026-08-11T21:01:01.271517+00:00
Deep Creek,chinook,2018,2020,60.0297,-151.683,Deep Creek,11,Chinook,410,2019,2019-07-18,13,Chinook,410,Deep Creek,11,2026-08-11T21:01:01.271517+00:00
Deep Creek,chinook,2018,2020,60.0297,-151.683,Deep Creek,11,Chinook,410,2019,2019-07-19,4,Chinook,410,Deep Creek,11,2026-08-11T21:01:01.271517+00:00
Deep Creek,chinook,2018,2020,60.0297,-151.683,Deep Creek,11,Chinook,410,2019,2019-07-20,8,Chinook,410,Deep Creek,11,2026-08-11T21:01:01.271517+00:00
Deep Creek,chinook,2018,2020,60.0297,-151.683,Deep Creek,11,Chinook,410,2019,2019-07-21,6,Chinook,410,Deep Creek,11,2026-08-11T21:01:01.271517+00:00
Deep Creek,chinook,2018,2020,60.0297,-151.683,Deep Creek,11,Chinook,410,2019,2019-07-22,6,Chinook,410,Deep Creek,11,2026-08-11T21:01:01.271517+00:00
Deep Creek,chinook,2018,2020,60.0297,-151.683,Deep Creek,11,Chinook,410,2019,2019-07-23,6,Chinook,410,Deep Creek,11,2026-08-11T21:01:01.271517+00:00
Deep Creek,chinook,2018,2020,60.0297,-151.683,Deep Creek,11,Chinook,410,2019,2019-07-24,3,Chinook,410,Deep Creek,11,2026-08-11T21:01:01.271517+00:00
Deep Creek,chinook,2018,2020,60.0297,-151.683,Deep Creek,11,Chinook,410,2019,2019-07-25,7,Chinook,410,Deep Creek,11,2026-08-11T21:01:01.271517+00:00
Deep Creek,chinook,2018,2020,60.0297,-151.683,Deep Creek,11,Chinook,410,2019,2019-07-26,10,Chinook,410,Deep Creek,11,2026-08-11T21:01:01.271517+00:00
Deep Creek,chinook,2018,2020,60.0297,-151.683,Deep Creek,11,Chinook,410,2019,2019-07-27,19,Chinook,410,Deep Creek,11,2026-08-11T21:01:01.271517+00:00
Deep Creek,chinook,2018,2020,60.0297,-151.683,Deep Creek,11,Chinook,410,2019,2019-07-28,37,Chinook,410,Deep Creek,11,2026-08-11T21:01:01.271517+00:00
Deep Creek,chinook,2018,2020,60.0297,-151.683,Deep Creek,11,Chinook,410,2019,2019-07-29,56,Chinook,410,Deep Creek,11,2026-08-11T21:01:01.271517+00:00
Deep Creek,chinook,2018,2020,60.0297,-151.683,Deep Creek,11,Chinook,410,2019,2019-07-30,37,Chinook,410,Deep Creek,11,2026-08-11T21:01:01.271517+00:00
Deep Creek,chinook,2018,2020,60.0297,-151.683,Deep Creek,11,Chinook,410,2019,2019-07-31,23,Chinook,410,Deep Creek,11,2026-08-11T21:01:01.271517+00:00
Deep Creek,chinook,2018,2020,60.0297,-151.683,Deep Creek,11,Chinook,410,2019,2019-08-01,13,Chinook,410,Deep Creek,11,2026-08-11T21:01:01.271517+00:00
Deep Creek,chinook,2018,2020,60.0297,-151.683,Deep Creek,11,Chinook,410,2019,2019-08-02,5,Chinook,410,Deep Creek,11,2026-08-11T21:01:01.271517+00:00
Deep Creek,chinook,2018,2020,60.0297,-151.683,Deep Creek,11,Chinook,410,2019,2019-08-03,11,Chinook,410,Deep Creek,11,2026-08-11T21:01:01.271517+00:00
Deep Creek,chinook,2018,2020,60.0297,-151.683,Deep Creek,11,Chinook,410,2020,2020-05-18,0,Chinook,410,Deep Creek,11,2026-08-11T21:01:01.271517+00:00
Deep Creek,chinook,2018,2020,60.0297,-151.683,Deep Creek,11,Chinook,410,2020,2020-05-19,0,Chinook,410,Deep Creek,11,2026-08-11T21:01:01.271517+00:00
Deep Creek,chinook,2018,2020,60.0297,-151.683,Deep Creek,11,Chinook,410,2020,2020-05-20,0,Chinook,410,Deep Creek,11,2026-08-11T21:01:01.271517+00:00
Deep Creek,chinook,2018,2020,60.0297,-151.683,Deep Creek,11,Chinook,410,2020,2020-05-21,12,Chinook,410,Deep Creek,11,2026-08-11T21:01:01.271517+00:00
Deep Creek,chinook,2018,2020,60.0297,-151.683,Deep Creek,11,Chinook,410,2020,2020-05-22,0,Chinook,410,Deep Creek,11,2026-08-11T21:01:01.271517+00:00
Deep Creek,chinook,2018,2020,60.0297,-151.683,Deep Creek,11,Chinook,410,2020,2020-05-23,6,Chinook,410,Deep Creek,11,2026-08-11T21:01:01.271517+00:00
Deep Creek,chinook,2018,2020,60.0297,-151.683,Deep Creek,11,Chinook,410,2020,2020-05-24,39,Chinook,410,Deep Creek,11,2026-08-11T21:01:01.271517+00:00
Deep Creek,chinook,2018,2020,60.0297,-151.683,Deep Creek,11,Chinook,410,2020,2020-05-25,18,Chinook,410,Deep Creek,11,2026-08-11T21:01:01.271517+00:00
Deep Creek,chinook,2018,2020,60.0297,-151.683,Deep Creek,11,Chinook,410,2020,2020-05-26,21,Chinook,410,Deep Creek,11,2026-08-11T21:01:01.271517+00:00
Deep Creek,chinook,2018,2020,60.0297,-151.683,Deep Creek,11,Chinook,410,2020,2020-05-27,0,Chinook,410,Deep Creek,11,2026-08-11T21:01:01.271517+00:00
Deep Creek,chinook,2018,2020,60.0297,-151.683,Deep Creek,11,Chinook,410,2020,2020-05-28,18,Chinook,410,Deep Creek,11,2026-08-11T21:01:01.271517+00:00
Deep Creek,chinook,2018,2020,60.0297,-151.683,Deep Creek,11,Chinook,410,2020,2020-05-29,0,Chinook,410,Deep Creek,11,2026-08-11T21:01:01.271517+00:00
Deep Creek,chinook,2018,2020,60.0297,-151.683,Deep Creek,11,Chinook,410,2020,2020-05-30,9,Chinook,410,Deep Creek,11,2026-08-11T21:01:01.271517+00:00
Deep Creek,chinook,2018,2020,60.0297,-151.683,Deep Creek,11,Chinook,410,2020,2020-05-31,9,Chinook,410,Deep Creek,11,2026-08-11T21:01:01.271517+00:00
Deep Creek,chinook,2018,2020,60.0297,-151.683,Deep Creek,11,Chinook,410,2020,2020-06-01,51,Chinook,410,Deep Creek,11,2026-08-11T21:01:01.271517+00:00
Deep Creek,chinook,2018,2020,60.0297,-151.683,Deep Creek,11,Chinook,410,2020,2020-06-02,0,Chinook,410,Deep Creek,11,2026-08-11T21:01:01.271517+00:00
Deep Creek,chinook,2018,2020,60.0297,-151.683,Deep Creek,11,Chinook,410,2020,2020-06-03,0,Chinook,410,Deep Creek,11,2026-08-11T21:01:01.271517+00:00
Deep Creek,chinook,2018,2020,60.0297,-151.683,Deep Creek,11,Chinook,410,2020,2020-06-04,6,Chinook,410,Deep Creek,11,2026-08-11T21:01:01.271517+00:00
Deep Creek,chinook,2018,2020,60.0297,-151.683,Deep Creek,11,Chinook,410,2020,2020-06-05,24,Chinook,410,Deep Creek,11,2026-08-11T21:01:01.271517+00:00
Deep Creek,chinook,2018,2020,60.0297,-151.683,Deep Creek,11,Chinook,410,2020,2020-06-06,8,Chinook,410,Deep Creek,11,2026-08-11T21:01:01.271517+00:00
Deep Creek,chinook,2018,2020,60.0297,-151.683,Deep Creek,11,Chinook,410,2020,2020-06-07,6,Chinook,410,Deep Creek,11,2026-08-11T21:01:01.271517+00:00
Deep Creek,chinook,2018,2020,60.0297,-151.683,Deep Creek,11,Chinook,410,2020,2020-06-08,0,Chinook,410,Deep Creek,11,2026-08-11T21:01:01.271517+00:00
Deep Creek,chinook,2018,2020,60.0297,-151.683,Deep Creek,11,Chinook,410,2020,2020-06-09,4,Chinook,410,Deep Creek,11,2026-08-11T21:01:01.271517+00:00
Deep Creek,chinook,2018,2020,60.0297,-151.683,Deep Creek,11,Chinook,410,2020,2020-06-10,6,Chinook,410,Deep Creek,11,2026-08-11T21:01:01.271517+00:00
Deep Creek,chinook,2018,2020,60.0297,-151.683,Deep Creek,11,Chinook,410,2020,2020-06-11,4,Chinook,410,Deep Creek,11,2026-08-11T21:01:01.271517+00:00
Deep Creek,chinook,2018,2020,60.0297,-151.683,Deep Creek,11,Chinook,410,2020,2020-06-12,6,Chinook,410,Deep Creek,11,2026-08-11T21:01:01.271517+00:00
Deep Creek,chinook,2018,2020,60.0297,-151.683,Deep Creek,11,Chinook,410,2020,2020-06-13,8,Chinook,410,Deep Creek,11,2026-08-11T21:01:01.271517+00:00
Deep Creek,chinook,2018,2020,60.0297,-151.683,Deep Creek,11,Chinook,410,2020,2020-06-14,5,Chinook,410,Deep Creek,11,2026-08-11T21:01:01.271517+00:00
Deep Creek,chinook,2018,2020,60.0297,-151.683,Deep Creek,11,Chinook,410,2020,2020-06-15,0,Chinook,410,Deep Creek,11,2026-08-11T21:01:01.271517+00:00
Deep Creek,chinook,2018,2020,60.0297,-151.683,Deep Creek,11,Chinook,410,2020,2020-06-16,0,Chinook,410,Deep Creek,11,2026-08-11T21:01:01.271517+00:00
Deep Creek,chinook,2018,2020,60.0297,-151.683,Deep Creek,11,Chinook,410,2020,2020-06-17,6,Chinook,410,Deep Creek,11,2026-08-11T21:01:01.271517+00:00
Deep Creek,chinook,2018,2020,60.0297,-151.683,Deep Creek,11,Chinook,410,2020,2020-06-18,12,Chinook,410,Deep Creek,11,2026-08-11T21:01:01.271517+00:00
Deep Creek,chinook,2018,2020,60.0297,-151.683,Deep Creek,11,Chinook,410,2020,2020-06-19,7,Chinook,410,Deep Creek,11,2026-08-11T21:01:01.271517+00:00
Deep Creek,chinook,2018,2020,60.0297,-151.683,Deep Creek,11,Chinook,410,2020,2020-06-20,6,Chinook,410,Deep Creek,11,2026-08-11T21:01:01.271517+00:00
Deep Creek,chinook,2018,2020,60.0297,-151.683,Deep Creek,11,Chinook,410,2020,2020-06-21,1,Chinook,410,Deep Creek,11,2026-08-11T21:01:01.271517+00:00
Deep Creek,chinook,2018,2020,60.0297,-151.683,Deep Creek,11,Chinook,410,2020,2020-06-22,5,Chinook,410,Deep Creek,11,2026-08-11T21:01:01.271517+00:00
Deep Creek,chinook,2018,2020,60.0297,-151.683,Deep Creek,11,Chinook,410,2020,2020-06-23,13,Chinook,410,Deep Creek,11,2026-08-11T21:01:01.271517+00:00
Deep Creek,chinook,2018,2020,60.0297,-151.683,Deep Creek,11,Chinook,410,2020,2020-06-24,24,Chinook,410,Deep Creek,11,2026-08-11T21:01:01.271517+00:00
Deep Creek,chinook,2018,2020,60.0297,-151.683,Deep Creek,11,Chinook,410,2020,2020-06-25,38,Chinook,410,Deep Creek,11,2026-08-11T21:01:01.271517+00:00
Deep Creek,chinook,2018,2020,60.0297,-151.683,Deep Creek,11,Chinook,410,2020,2020-06-26,13,Chinook,410,Deep Creek,11,2026-08-11T21:01:01.271517+00:00
Deep Creek,chinook,2018,2020,60.0297,-151.683,Deep Creek,11,Chinook,410,2020,2020-06-27,139,Chinook,410,Deep Creek,11,2026-08-11T21:01:01.271517+00:00
Deep Creek,chinook,2018,2020,60.0297,-151.683,Deep Creek,11,Chinook,410,2020,2020-06-28,25,Chinook,410,Deep Creek,11,2026-08-11T21:01:01.271517+00:00
Deep Creek,chinook,2018,2020,60.0297,-151.683,Deep Creek,11,Chinook,410,2020,2020-06-29,40,Chinook,410,Deep Creek,11,2026-08-11T21:01:01.271517+00:00
Deep Creek,chinook,2018,2020,60.0297,-151.683,Deep Creek,11,Chinook,410,2020,2020-06-30,41,Chinook,410,Deep Creek,11,2026-08-11T21:01:01.271517+00:00
Deep Creek,chinook,2018,2020,60.0297,-151.683,Deep Creek,11,Chinook,410,2020,2020-07-01,72,Chinook,410,Deep Creek,11,2026-08-11T21:01:01.271517+00:00
Deep Creek,chinook,2018,2020,60.0297,-151.683,Deep Creek,11,Chinook,410,2020,2020-07-02,200,Chinook,410,Deep Creek,11,2026-08-11T21:01:01.271517+00:00
Deep Creek,chinook,2018,2020,60.0297,-151.683,Deep Creek,11,Chinook,410,2020,2020-07-03,139,Chinook,410,Deep Creek,11,2026-08-11T21:01:01.271517+00:00
Deep Creek,chinook,2018,2020,60.0297,-151.683,Deep Creek,11,Chinook,410,2020,2020-07-04,68,Chinook,410,Deep Creek,11,2026-08-11T21:01:01.271517+00:00
Deep Creek,chinook,2018,2020,60.0297,-151.683,Deep Creek,11,Chinook,410,2020,2020-07-05,174,Chinook,410,Deep Creek,11,2026-08-11T21:01:01.271517+00:00
Deep Creek,chinook,2018,2020,60.0297,-151.683,Deep Creek,11,Chinook,410,2020,2020-07-06,261,Chinook,410,Deep Creek,11,2026-08-11T21:01:01.271517+00:00
Deep Creek,chinook,2018,2020,60.0297,-151.683,Deep Creek,11,Chinook,410,2020,2020-07-07,53,Chinook,410,Deep Creek,11,2026-08-11T21:01:01.271517+00:00
Deep Creek,chinook,2018,2020,60.0297,-151.683,Deep Creek,11,Chinook,410,2020,2020-07-08,49,Chinook,410,Deep Creek,11,2026-08-11T21:01:01.271517+00:00
Deep Creek,chinook,2018,2020,60.0297,-151.683,Deep Creek,11,Chinook,410,2020,2020-07-09,28,Chinook,410,Deep Creek,11,2026-08-11T21:01:01.271517+00:00
Deep Creek,chinook,2018,2020,60.0297,-151.683,Deep Creek,11,Chinook,410,2020,2020-07-10,91,Chinook,410,Deep Creek,11,2026-08-11T21:01:01.271517+00:00
Deep Creek,chinook,2018,2020,60.0297,-151.683,Deep Creek,11,Chinook,410,2020,2020-07-11,209,Chinook,410,Deep Creek,11,2026-08-11T21:01:01.271517+00:00
Deep Creek,chinook,2018,2020,60.0297,-151.683,Deep Creek,11,Chinook,410,2020,2020-07-12,22,Chinook,410,Deep Creek,11,2026-08-11T21:01:01.271517+00:00
Deep Creek,chinook,2018,2020,60.0297,-151.683,Deep Creek,11,Chinook,410,2020,2020-07-13,4,Chinook,410,Deep Creek,11,2026-08-11T21:01:01.271517+00:00
Deep Creek,chinook,2018,2020,60.0297,-151.683,Deep Creek,11,Chinook,410,2020,2020-07-14,4,Chinook,410,Deep Creek,11,2026-08-11T21:01:01.271517+00:00
Deep Creek,chinook,2018,2020,60.0297,-151.683,Deep Creek,11,Chinook,410,2020,2020-07-15,8,Chinook,410,Deep Creek,11,2026-08-11T21:01:01.271517+00:00
Deep Creek,chinook,2018,2020,60.0297,-151.683,Deep Creek,11,Chinook,410,2020,2020-07-16,28,Chinook,410,Deep Creek,11,2026-08-11T21:01:01.271517+00:00
Deep Creek,chinook,2018,2020,60.0297,-151.683,Deep Creek,11,Chinook,410,2020,2020-07-17,23,Chinook,410,Deep Creek,11,2026-08-11T21:01:01.271517+00:00
Deep Creek,chinook,2018,2020,60.0297,-151.683,Deep Creek,11,Chinook,410,2020,2020-07-18,8,Chinook,410,Deep Creek,11,2026-08-11T21:01:01.271517+00:00
Deep Creek,chinook,2018,2020,60.0297,-151.683,Deep Creek,11,Chinook,410,2020,2020-07-19,8,Chinook,410,Deep Creek,11,2026-08-11T21:01:01.271517+00:00
Deep Creek,chinook,2018,2020,60.0297,-151.683,Deep Creek,11,Chinook,410,2020,2020-07-20,3,Chinook,410,Deep Creek,11,2026-08-11T21:01:01.271517+00:00
Deep Creek,chinook,2018,2020,60.0297,-151.683,Deep Creek,11,Chinook,410,2020,2020-07-21,4,Chinook,410,Deep Creek,11,2026-08-11T21:01:01.271517+00:00
Deep Creek,chinook,2018,2020,60.0297,-151.683,Deep Creek,11,Chinook,410,2020,2020-07-22,7,Chinook,410,Deep Creek,11,2026-08-11T21:01:01.271517+00:00
Deep Creek,chinook,2018,2020,60.0297,-151.683,Deep Creek,11,Chinook,410,2020,2020-07-23,3,Chinook,410,Deep Creek,11,2026-08-11T21:01:01.271517+00:00
Deep Creek,chinook,2018,2020,60.0297,-151.683,Deep Creek,11,Chinook,410,2020,2020-07-24,10,Chinook,410,Deep Creek,11,2026-08-11T21:01:01.271517+00:00
Deep Creek,chinook,2018,2020,60.0297,-151.683,Deep Creek,11,Chinook,410,2020,2020-07-25,0,Chinook,410,Deep Creek,11,2026-08-11T21:01:01.271517+00:00
Deep Creek,chinook,2018,2020,60.0297,-151.683,Deep Creek,11,Chinook,410,2020,2020-07-26,0,Chinook,410,Deep Creek,11,2026-08-11T21:01:01.271517+00:00
Deep Creek,chinook,2018,2020,60.0297,-151.683,Deep Creek,11,Chinook,410,2020,2020-07-27,0,Chinook,410,Deep Creek,11,2026-08-11T21:01:01.271517+00:00
Deep Creek,chinook,2018,2020,60.0297,-151.683,Deep Creek,11,Chinook,410,2020,2020-07-28,1,Chinook,410,Deep Creek,11,2026-08-11T21:01:01.271517+00:00
Deep Creek,chinook,2018,2020,60.0297,-151.683,Deep Creek,11,Chinook,410,2020,2020-07-29,19,Chinook,410,Deep Creek,11,2026-08-11T21:01:01.271517+00:00
Deep Creek,chinook,2018,2020,60.0297,-151.683,Deep Creek,11,Chinook,410,2020,2020-07-30,5,Chinook,410,Deep Creek,11,2026-08-11T21:01:01.271517+00:00
Deep Creek,chinook,2018,2020,60.0297,-151.683,Deep Creek,11,Chinook,410,2020,2020-07-31,2,Chinook,410,Deep Creek,11,2026-08-11T21:01:01.271517+00:00
